<?xml version="1.0" encoding="UTF-8"?>
<!DOCTYPE minecraftItems SYSTEM "MinecraftEncan.dtd">

<minecraftItems lang="es">
    <item id="A262" crafteable="true" enchantable="false">
        <name>Cama</name>
        <type>Bloque</type>
        <rarity>Común</rarity>
        <damage>1</damage>
        <description>Una simple cama para pasar la noche</description>
        <materials>
            <material id="A221">bloque de madera</material>
            <material id="A892">bloque de lana</material>
        </materials>
        <destroyable>false</destroyable>

    </item>

    <item id="A189" crafteable="true" enchantable="true">
        <name>Pico de piedra</name>
        <type>Herramientas</type>
        <rarity>Común</rarity>
        <damage>4</damage>
        <description>Pico de piedra para poder minar.</description>
        <materials>
            <material id="A195">bloque de piedra</material>
            <material id="A25">palo</material>
        </materials>
        <enchantments>
            <enchantment id="A502">Irrompibilidad</enchantment>
            <enchantment id="A611">Eficiencia</enchantment>
            <enchantment id="A584">Suerte</enchantment>
        </enchantments>
        <destroyable>true</destroyable>
        <wear>0.2</wear>
    </item>

    <item id="A723" crafteable="true" enchantable="true">
        <name>Caña de pescar con zanahoria</name>
        <type>Herramienta</type>
        <rarity>Épico</rarity>
        <damage>5</damage>
        <description>Caña de pescar con zanahoria para ir con un cerdo</description>
        <materials>
            <material id="A291">caña de pescar</material>
            <material id="A443">zanahoria</material>
        </materials>
        <enchantments>
            <enchantment id="A522">Irrompibilidad</enchantment>
            <enchantment id="A498">Reparación</enchantment>
        </enchantments>
        <destroyable>true</destroyable>
        <wear>0.1</wear>
    </item>
</minecraftItems>